{
  "stoi": 0.8291743101345714,
  "stoi_std": 0.04365773263511253,
  "num_files": 100
}