{
  "stoi": 0.7661453998902503,
  "stoi_std": 0.042661664895728785,
  "num_files": 100
}