{
  "stoi": 0.8427420728929718,
  "stoi_std": 0.0393461538871635,
  "num_files": 67
}