{
  "stoi": 0.6465270016977791,
  "stoi_std": 0.0686538098814385,
  "num_files": 100
}