{
  "stoi": 0.8280129963084837,
  "stoi_std": 0.07010322594123909,
  "num_files": 67
}