{
  "stoi": 0.6447108255578834,
  "stoi_std": 0.07692217021686203,
  "num_files": 49
}