{
  "stoi": 0.9905071017822555,
  "stoi_std": 0.0031980299781618577,
  "num_files": 49
}