{
  "stoi": 0.6596203412336782,
  "stoi_std": 0.052794054290574835,
  "num_files": 100
}