{
  "stoi": 0.9315383937781796,
  "stoi_std": 0.016772607665723027,
  "num_files": 100
}