{
  "stoi": 0.6254414874349292,
  "stoi_std": 0.07463618241216143,
  "num_files": 100
}