{
  "stoi": 0.7699992109668733,
  "stoi_std": 0.09540911751142071,
  "num_files": 67
}