{
  "stoi": 0.862875787416376,
  "stoi_std": 0.057162491472829875,
  "num_files": 67
}