{
  "stoi": 0.8194484192616243,
  "stoi_std": 0.04737867142470654,
  "num_files": 100
}