{
  "stoi": 0.6556873173162979,
  "stoi_std": 0.05393704367614815,
  "num_files": 100
}