{
  "stoi": 0.792009398228809,
  "stoi_std": 0.038120303125399,
  "num_files": 100
}