{
  "stoi": 0.8365611137330318,
  "stoi_std": 0.04146341727144989,
  "num_files": 67
}