{
  "stoi": 0.667880641205396,
  "stoi_std": 0.06918695313192914,
  "num_files": 100
}