{
  "stoi": 0.9241134386602097,
  "stoi_std": 0.03240324380033476,
  "num_files": 49
}