{
  "stoi": 0.7126830864628134,
  "stoi_std": 0.08782568068290889,
  "num_files": 67
}