{
  "stoi": 0.9934377610576052,
  "stoi_std": 0.002762847764810672,
  "num_files": 46
}