{
  "stoi": 0.9314052164495047,
  "stoi_std": 0.017104375340954273,
  "num_files": 100
}