{
  "stoi": 0.9921833049756419,
  "stoi_std": 0.0029498812764743366,
  "num_files": 8
}