{
  "stoi": 0.3371564859241673,
  "stoi_std": 0.11428846852581305,
  "num_files": 49
}