{
  "stoi": 0.6740350750894821,
  "stoi_std": 0.08041343448710214,
  "num_files": 49
}