{
  "stoi": 0.7896881858806392,
  "stoi_std": 0.06102596116091691,
  "num_files": 67
}