{
  "stoi": 0.9590719769970564,
  "stoi_std": 0.016249076162862777,
  "num_files": 8
}