{
  "stoi": 0.7142865423396764,
  "stoi_std": 0.10535113890502297,
  "num_files": 67
}