{
  "stoi": 0.7330095626838962,
  "stoi_std": 0.061212177435067655,
  "num_files": 100
}