{
  "stoi": 0.33623303115949343,
  "stoi_std": 0.11365039054134561,
  "num_files": 49
}