{
  "stoi": 0.8475925284736553,
  "stoi_std": 0.03125444618608105,
  "num_files": 100
}