{
  "stoi": 0.9250207001698652,
  "stoi_std": 0.030230158760704593,
  "num_files": 49
}