{
  "stoi": 0.363416267567145,
  "stoi_std": 0.13255149210830106,
  "num_files": 49
}