{
  "stoi": 0.7859730701452059,
  "stoi_std": 0.07698724626188604,
  "num_files": 49
}