{
  "stoi": 0.9493146508123833,
  "stoi_std": 0.02032411552309116,
  "num_files": 67
}