{
  "stoi": 0.7313501549490092,
  "stoi_std": 0.08683542891954615,
  "num_files": 49
}