{
  "stoi": 0.8869957279029922,
  "stoi_std": 0.03980486673769566,
  "num_files": 49
}