{
  "stoi": 0.7556423088876463,
  "stoi_std": 0.07251834388786112,
  "num_files": 49
}