{
  "stoi": 0.9615566899123486,
  "stoi_std": 0.016794679494527794,
  "num_files": 46
}