{
  "stoi": 0.9454421989745816,
  "stoi_std": 0.0236421835413527,
  "num_files": 49
}