{
  "stoi": 0.8085114065003031,
  "stoi_std": 0.05401838359484801,
  "num_files": 67
}