{
  "stoi": 0.6916776139340934,
  "stoi_std": 0.11161664875375492,
  "num_files": 67
}