{
  "stoi": 0.6418645364778105,
  "stoi_std": 0.07192691565228423,
  "num_files": 100
}