{
  "stoi": 0.7012037070689112,
  "stoi_std": 0.07721988251728895,
  "num_files": 49
}