{
  "stoi": 0.9238888497618739,
  "stoi_std": 0.03244926647539468,
  "num_files": 49
}