{
  "pesq": 3.371063232421875,
  "num_files": 1,
  "wb_pesq": 3.371063232421875
}