{
  "stoi": 0.8008867189627711,
  "stoi_std": 0.07109836019854467,
  "num_files": 67
}