{
  "stoi": 0.7771778384833306,
  "stoi_std": 0.07394707841391375,
  "num_files": 49
}