{
  "stoi": 0.9542639109126319,
  "stoi_std": 0.01846516371373423,
  "num_files": 67
}