{
  "stoi": 0.834324565467138,
  "stoi_std": 0.05045991961836339,
  "num_files": 49
}