{
  "stoi": 0.7101354644747297,
  "stoi_std": 0.07943269527465982,
  "num_files": 49
}