{
  "stoi": 0.35193938576960965,
  "stoi_std": 0.12440662609808881,
  "num_files": 49
}