{
  "stoi": 0.7733408613674352,
  "stoi_std": 0.050912724176963256,
  "num_files": 100
}