{
  "stoi": 0.3541107137514971,
  "stoi_std": 0.12617592187187002,
  "num_files": 49
}