{
  "stoi": 0.846354545407308,
  "stoi_std": 0.05625964441418806,
  "num_files": 67
}