{
  "stoi": 0.8632227417815075,
  "stoi_std": 0.057430588521145805,
  "num_files": 67
}