{
  "stoi": 0.7482944644647429,
  "stoi_std": 0.043505844835896,
  "num_files": 100
}