{
  "stoi": 0.9265345010329797,
  "stoi_std": 0.026727771397396193,
  "num_files": 67
}