{
  "stoi": 0.7430718160685059,
  "stoi_std": 0.0449999931433258,
  "num_files": 100
}