{
  "stoi": 0.36169392556181,
  "stoi_std": 0.13142976565060155,
  "num_files": 49
}