{
  "stoi": 0.7067469306126384,
  "stoi_std": 0.10761369256364733,
  "num_files": 67
}