{
  "stoi": 0.9370838985355632,
  "stoi_std": 0.019918930325004167,
  "num_files": 100
}