{
  "stoi": 0.746091659030786,
  "stoi_std": 0.10194450045739534,
  "num_files": 67
}