{
  "stoi": 0.1413646175092571,
  "stoi_std": 0.10960112986044697,
  "num_files": 49
}