{
  "stoi": 0.9242458960214853,
  "stoi_std": 0.03234382253960507,
  "num_files": 49
}