{
  "stoi": 0.7537159169102455,
  "stoi_std": 0.05867379777852303,
  "num_files": 100
}