{
  "stoi": 0.9430606582683985,
  "stoi_std": 0.020520332532226196,
  "num_files": 49
}