{
  "stoi": 0.9487511435170027,
  "stoi_std": 0.021531885666471285,
  "num_files": 67
}