{
  "stoi": 0.7383270581540128,
  "stoi_std": 0.10367270276665749,
  "num_files": 67
}