{
  "stoi": 0.9454121558865709,
  "stoi_std": 0.020942993016765377,
  "num_files": 49
}