{
  "stoi": 0.7217454843437314,
  "stoi_std": 0.07998316861211997,
  "num_files": 49
}