{
  "stoi": 0.9313950985206289,
  "stoi_std": 0.017045356500790018,
  "num_files": 100
}