{
  "stoi": 0.9490989581934764,
  "stoi_std": 0.02114904274992361,
  "num_files": 67
}