{
  "stoi": 0.8023895457781052,
  "stoi_std": 0.057912891605867406,
  "num_files": 100
}