{
  "stoi": 0.9658374876189492,
  "stoi_std": 0.014313090943169888,
  "num_files": 67
}