{
  "stoi": 0.900995908396879,
  "stoi_std": 0.02551495524594122,
  "num_files": 100
}