{
  "stoi": 0.6781727357005424,
  "stoi_std": 0.0803739956748425,
  "num_files": 49
}