{
  "stoi": 0.9535652322098817,
  "stoi_std": 0.017988033857045442,
  "num_files": 100
}