{
  "stoi": 0.7982937778796055,
  "stoi_std": 0.05324792456865865,
  "num_files": 67
}