{
  "stoi": 0.9528901531834408,
  "stoi_std": 0.020566698812971993,
  "num_files": 8
}