{
  "stoi": 0.70364519558253,
  "stoi_std": 0.07922150221881587,
  "num_files": 49
}