{
  "stoi": 0.8002098138406292,
  "stoi_std": 0.037858189305544014,
  "num_files": 100
}