{
  "stoi": 0.9311649001825812,
  "stoi_std": 0.017142855425356887,
  "num_files": 100
}