{
  "stoi": 0.691294268718961,
  "stoi_std": 0.061158118998014994,
  "num_files": 100
}