{
  "stoi": 0.7091548062151136,
  "stoi_std": 0.08095004582691336,
  "num_files": 67
}