{
  "stoi": 0.9588080550245996,
  "stoi_std": 0.018570654944101157,
  "num_files": 46
}