{
  "stoi": 0.9239595018103497,
  "stoi_std": 0.03247381637626546,
  "num_files": 49
}