{
  "stoi": 0.7126112781131964,
  "stoi_std": 0.06280921704597843,
  "num_files": 100
}