{
  "stoi": 0.7148743865429087,
  "stoi_std": 0.11547994763800862,
  "num_files": 67
}