{
  "stoi": 0.9492815913127085,
  "stoi_std": 0.020938295767944957,
  "num_files": 67
}