{
  "stoi": 0.8816226825326007,
  "stoi_std": 0.037283766136657764,
  "num_files": 67
}