{
  "stoi": 0.8073443415624094,
  "stoi_std": 0.07652467735102612,
  "num_files": 49
}