codec,datasets_covered,overall_mean_eer_percent,overall_mean_min_dcf,overall_mean_eer_ci95_upper,total_overlap_variants,total_zero_eer_variants,total_fragile_zero_variants
DAC,3,0.008537994399387011,0.006844232735046726,0.019141955935657668,3,6,0
Encodec,3,0.1467979572006418,0.05275540641312453,0.2863563636752771,8,4,0
LanguageCodec,3,0.18451932257902406,0.07098258706467661,0.35353966110446444,8,4,0
WavTokenizer,3,1.0968244245249679,0.29090304727409233,1.9085265784126926,18,0,0
SemantiCodec,3,1.6437224806312374,0.4559717910281189,2.6846253341609536,18,0,0
UniCodec,3,7.408985070538282,0.5070022371364653,9.892427854967417,3,0,0
FocalCodec,3,20.952744844463446,0.9783344176596813,24.251866092582052,18,0,0
