codec,datasets_covered,overall_mean_eer_percent,overall_mean_min_dcf,overall_mean_eer_ci95_upper,total_overlap_variants,total_zero_eer_variants,total_fragile_zero_variants
DAC,3,0.0,0.0,,0,9,0
Encodec,3,0.1277777777777778,0.0425,,0,8,0
LanguageCodec,3,0.36691542288557216,0.053482587064676616,,0,8,0
WavTokenizer,3,1.068915343915344,0.21044520030234315,,0,3,0
SemantiCodec,3,1.5214663643235073,0.33693424036281183,,0,2,0
UniCodec,3,7.35827664399093,0.4851111111111111,,0,0,0
FocalCodec,3,21.466855631141346,0.9352048374905518,,0,0,0
