{
  "metric": "prosody",
  "reference_dir": "/orange/ufdatastudios/c.okocha/CodecEval-Africa/data/afrispeech_dialog/data",
  "degraded_dir": "/orange/ufdatastudios/c.okocha/CodecEval-Africa/outputs/afrispeech_dialog/Encodec_outputs/out_24kbps",
  "num_ref_files": 49,
  "num_deg_files": 1,
  "num_scored_files": 1,
  "overall_prosody": 2.2424386894477,
  "overall_prosody_std": 0.0,
  "f0_rmse": 7.941402033559177,
  "f0_rmse_std": 0.0,
  "per_file": [
    {
      "filename": "0adaefab-c0fa-4d55-9564-100d2bd5bd93_86a60667f1b75930c7844e37494b97f7_UxiL1B07.wav",
      "f0_rmse": 7.941402033559177,
      "f0_correlation": 0.668640020925342,
      "tempo_similarity": 0.8421052631578948,
      "rhythm_similarity": 0.7628128302069375,
      "stress_similarity": 0.9972332993891487,
      "overall_prosody": 2.2424386894477
    }
  ]
}