codec,datasets_covered,overall_mean_acc_percent,overall_mean_map_percent,overall_mean_acc_ci95_lower,overall_mean_acc_ci95_upper,overall_mean_map_ci95_lower,overall_mean_map_ci95_upper,total_excellent_variants,total_weak_variants
DAC,3,100.0,100.0,100.0,100.0,100.0,100.0,9,0
LanguageCodec,3,100.0,100.0,100.0,100.0,100.0,100.0,12,0
Encodec,3,99.83333333333333,99.91666666666667,99.55416666666666,100.0,99.77708333333334,100.0,11,0
WavTokenizer,3,96.98866213151928,98.29448223733938,94.38898337112623,98.94444444444444,96.78122480473671,99.39726631393297,8,0
SemantiCodec,3,94.29516250944823,96.86257437447914,89.97286470143614,98.00547996976569,94.53225943368801,98.89721156268776,5,0
UniCodec,3,68.70748299319727,73.952565291851,66.66666666666667,72.10884353741497,72.24409962675269,76.78940691536354,2,1
FocalCodec,3,19.150793650793652,31.90707832621004,11.979147770219198,27.46660052910053,25.42336413286395,39.17515662613739,0,18
